{
  "dependencies": {
    "mssql1": {
      "resourceId": "/subscriptions/[parameters('subscriptionId')]/resourceGroups/[parameters('resourceGroup')]/providers/Microsoft.Sql/servers/intellidb1/databases/intellidb",
      "type": "mssql.azure",
      "connectionId": "ProductionConnection",
      "secretStore": "AzureAppSettings"
    },
    "mssql2": {
      "resourceId": "/subscriptions/[parameters('subscriptionId')]/resourceGroups/[parameters('resourceGroup')]/providers/Microsoft.Sql/servers/intellidb1/databases/intellidb",
      "type": "mssql.azure",
      "connectionId": "DefaultConnection",
      "secretStore": "AzureAppSettings"
    }
  }
}